date,jisdor_rate,pct_change,log_return,direction,calendar_days_since_prev
2021-09-01,14284,,,,
2021-09-02,14281,-0.0002100252030243,-0.0002100472614046,-1.0,1.0
2021-09-03,14261,-0.0014004621525103,-0.0014014437161673,-1.0,1.0
2021-09-06,14239,-0.0015426688170534,-0.0015438599557722,-1.0,3.0
2021-09-07,14195,-0.0030901046421799,-0.0030948888739228,-1.0,1.0
2021-09-08,14266,0.0050017611835153,0.0049892939309117,1.0,1.0
2021-09-09,14272,0.0004205804009533,0.0004204919818082,1.0,1.0
2021-09-10,14225,-0.0032931614349775,-0.0032985958252602,-1.0,1.0
2021-09-13,14260,0.0024604569420034,0.0024574349737562,1.0,3.0
2021-09-14,14257,-0.0002103786816268,-0.0002104008143266,-1.0,1.0
2021-09-15,14252,-0.0003507049168829,-0.0003507664282338,-1.0,1.0
2021-09-16,14238,-0.0009823182711198,-0.0009828010619088,-1.0,1.0
2021-09-17,14233,-0.0003511729175446,-0.000351234593193,-1.0,1.0
2021-09-20,14251,0.0012646666198272,0.0012638676025868,1.0,3.0
2021-09-21,14244,-0.0004911936004491,-0.0004913142755427,-1.0,1.0
2021-09-22,14249,0.0003510249929794,0.0003509633981195,1.0,1.0
2021-09-23,14256,0.0004912625447399,0.0004911419148019,1.0,1.0
2021-09-24,14250,-0.0004208754208754,-0.0004209640137933,-1.0,1.0
2021-09-27,14258,0.0005614035087719,0.0005612459807764,1.0,3.0
2021-09-28,14269,0.0007714967036049,0.0007711992530019,1.0,1.0
2021-09-29,14307,0.0026631158455392,0.002659576035759,1.0,1.0
2021-09-30,14321,0.000978541972461,0.0009780635123686,1.0,1.0
2021-10-01,14315,-0.0004189651560645,-0.0004190529464871,-1.0,1.0
2021-10-04,14276,-0.0027244149493538,-0.0027281329221651,-1.0,3.0
2021-10-05,14260,-0.0011207621182404,-0.0011213906417637,-1.0,1.0
2021-10-06,14245,-0.0010518934081346,-0.0010524470362778,-1.0,1.0
2021-10-07,14238,-0.0004914004914005,-0.0004915212681915,-1.0,1.0
2021-10-08,14225,-0.0009130495856159,-0.0009134666692869,-1.0,1.0
2021-10-11,14210,-0.0010544815465729,-0.0010550379033844,-1.0,3.0
2021-10-12,14217,0.0004926108374383,0.0004924895445519,1.0,1.0
2021-10-13,14221,0.0002813533094183,0.0002813137369983,1.0,1.0
2021-10-14,14155,-0.004641023837986,-0.0046518268266968,-1.0,1.0
2021-10-15,14084,-0.0050158954433062,-0.0050285172710573,-1.0,1.0
2021-10-18,14096,0.0008520306731041,0.0008516679010188,1.0,3.0
2021-10-19,14080,-0.0011350737797957,-0.001135718463928,-1.0,1.0
2021-10-21,14133,0.0037642045454544,0.0037571376561178,1.0,2.0
2021-10-22,14162,0.0020519351871506,0.0020498328435678,1.0,1.0
2021-10-25,14183,0.001482841406581,0.0014817430828877,1.0,3.0
2021-10-26,14165,-0.0012691250088133,-0.0012699310299897,-1.0,1.0
2021-10-27,14184,0.0013413342746204,0.0013404354894266,1.0,1.0
2021-10-28,14199,0.001057529610829,0.0010569708203131,1.0,1.0
2021-10-29,14171,-0.0019719698570321,-0.0019739167494865,-1.0,1.0
2021-11-01,14235,0.0045162656128714,0.0045060978872673,1.0,3.0
2021-11-02,14261,0.0018264840182649,0.0018248180246285,1.0,1.0
2021-11-03,14301,0.0028048523946426,0.0028009261361692,1.0,1.0
2021-11-04,14327,0.0018180546814907,0.0018164040204364,1.0,1.0
2021-11-05,14374,0.0032805192992253,0.0032751501350158,1.0,1.0
2021-11-08,14268,-0.0073744260470293,-0.0074017515496063,-1.0,3.0
2021-11-09,14233,-0.002453041771797,-0.0024560554081567,-1.0,1.0
2021-11-10,14253,0.0014051851331413,0.0014041987844066,1.0,1.0
